{"cameraMode":{"drawMode":0,"name":"Shaded","section":"Shading Mode"},"sceneLighting":true,"audioPlay":false,"sceneViewState":{"showFog":true,"showMaterialUpdate":false,"showSkybox":true,"showFlares":true,"showImageEffects":true,"showParticleSystems":true},"in2DMode":false,"pivot":{"x":508.6836853027344,"y":210.289306640625,"z":5.9895830154418949},"rotation":{"x":-0.022498110309243203,"y":-0.002999377902597189,"z":-0.00006805040902690962,"w":0.9997466206550598},"size":532.0086669921875,"orthographic":true}