{"cameraMode":{"drawMode":0,"name":"Shaded","section":"Shading Mode"},"sceneLighting":true,"audioPlay":false,"sceneViewState":{"showFog":true,"showMaterialUpdate":false,"showSkybox":true,"showFlares":true,"showImageEffects":true,"showParticleSystems":true},"in2DMode":false,"pivot":{"x":497.1860656738281,"y":196.25198364257813,"z":10.276077270507813},"rotation":{"x":-0.00449845427647233,"y":-0.026996750384569169,"z":-0.00012376729864627123,"w":0.9996310472488403},"size":474.8259582519531,"orthographic":true}