{"cameraMode":{"drawMode":0,"name":"Shaded","section":"Shading Mode"},"sceneLighting":false,"audioPlay":false,"sceneViewState":{"showFog":true,"showMaterialUpdate":false,"showSkybox":false,"showFlares":true,"showImageEffects":true,"showParticleSystems":true},"in2DMode":false,"pivot":{"x":59.131797790527347,"y":335.04736328125,"z":27.525428771972658},"rotation":{"x":0.0014996464597061277,"y":0.020998487249016763,"z":-0.00003172518700012006,"w":0.9997801780700684},"size":278.42303466796877,"orthographic":false}