{"cameraMode":{"drawMode":0,"name":"Shaded","section":"Shading Mode"},"sceneLighting":false,"audioPlay":false,"sceneViewState":{"showFog":true,"showMaterialUpdate":false,"showSkybox":false,"showFlares":true,"showImageEffects":true,"showParticleSystems":true},"in2DMode":false,"pivot":{"x":134.989990234375,"y":362.77001953125,"z":0.0},"rotation":{"x":-0.00449845427647233,"y":-0.026996750384569169,"z":-0.00012376729864627123,"w":0.9996310472488403},"size":453.8149719238281,"orthographic":true}