{"cameraMode":{"drawMode":0,"name":"Shaded","section":"Shading Mode"},"sceneLighting":false,"audioPlay":false,"sceneViewState":{"showFog":true,"showMaterialUpdate":false,"showSkybox":false,"showFlares":true,"showImageEffects":true,"showParticleSystems":true},"in2DMode":false,"pivot":{"x":151.5315399169922,"y":483.1860656738281,"z":4.19549560546875},"rotation":{"x":0.007498713210225105,"y":-0.01799854449927807,"z":0.00013476282765623182,"w":0.9998118281364441},"size":589.1506958007813,"orthographic":false}