{"cameraMode":{"drawMode":0,"name":"Shaded","section":"Shading Mode"},"sceneLighting":true,"audioPlay":false,"sceneViewState":{"showFog":true,"showMaterialUpdate":false,"showSkybox":true,"showFlares":true,"showImageEffects":true,"showParticleSystems":true},"in2DMode":false,"pivot":{"x":-64.2517318725586,"y":430.67694091796877,"z":-205.827392578125},"rotation":{"x":0.09883701056241989,"y":0.005970896687358618,"z":-0.0005925822188146412,"w":0.9950897097587586},"size":1148.249267578125,"orthographic":false}