{"cameraMode":{"drawMode":0,"name":"Shaded","section":"Shading Mode"},"sceneLighting":true,"audioPlay":false,"sceneViewState":{"showFog":true,"showMaterialUpdate":false,"showSkybox":true,"showFlares":true,"showImageEffects":true,"showParticleSystems":true},"in2DMode":false,"pivot":{"x":531.1697387695313,"y":268.201416015625,"z":1.158713698387146},"rotation":{"x":0.004499704111367464,"y":0.007499711588025093,"z":-0.00003604290759540163,"w":0.9999672770500183},"size":602.700927734375,"orthographic":false}