{"cameraMode":{"drawMode":0,"name":"Shaded","section":"Shading Mode"},"sceneLighting":true,"audioPlay":false,"sceneViewState":{"showFog":true,"showMaterialUpdate":false,"showSkybox":true,"showFlares":true,"showImageEffects":true,"showParticleSystems":true},"in2DMode":false,"pivot":{"x":531.2931518554688,"y":240.13047790527345,"z":4.55267333984375},"rotation":{"x":-0.0030000745318830015,"y":0.008999722078442574,"z":0.000024698605557205155,"w":0.9999602437019348},"size":590.0337524414063,"orthographic":false}