{"cameraMode":{"drawMode":0,"name":"Shaded","section":"Shading Mode"},"sceneLighting":false,"audioPlay":false,"sceneViewState":{"showFog":true,"showMaterialUpdate":false,"showSkybox":false,"showFlares":true,"showImageEffects":true,"showParticleSystems":true},"in2DMode":false,"pivot":{"x":421.58502197265627,"y":159.27334594726563,"z":160.19552612304688},"rotation":{"x":-0.010809220373630524,"y":-0.0039026199374347927,"z":0.00004250003257766366,"w":-0.9999357461929321},"size":862.7373657226563,"orthographic":false}