{"cameraMode":{"drawMode":0,"name":"Shaded","section":"Shading Mode"},"sceneLighting":true,"audioPlay":false,"sceneViewState":{"showFog":true,"showMaterialUpdate":false,"showSkybox":true,"showFlares":true,"showImageEffects":true,"showParticleSystems":true},"in2DMode":false,"pivot":{"x":3.0832178592681886,"y":-0.3059479594230652,"z":8.097004890441895},"rotation":{"x":7.619509290179849e-8,"y":0.010500061325728894,"z":-5.206964193149588e-9,"w":0.9999464750289917},"size":7.994113922119141,"orthographic":true}