{"cameraMode":{"drawMode":0,"name":"Shaded","section":"Shading Mode"},"sceneLighting":true,"audioPlay":false,"sceneViewState":{"showFog":true,"showMaterialUpdate":false,"showSkybox":true,"showFlares":true,"showImageEffects":true,"showParticleSystems":true},"in2DMode":false,"pivot":{"x":3.671103000640869,"y":0.2694883346557617,"z":6.861210346221924},"rotation":{"x":0.15802164375782014,"y":0.5312636494636536,"z":-0.10162188857793808,"w":0.8261144757270813},"size":7.866446495056152,"orthographic":true}