{"cameraMode":{"drawMode":0,"name":"Shaded","section":"Shading Mode"},"sceneLighting":true,"audioPlay":false,"sceneViewState":{"showFog":true,"showMaterialUpdate":false,"showSkybox":true,"showFlares":true,"showImageEffects":true,"showParticleSystems":true},"in2DMode":false,"pivot":{"x":1279.627685546875,"y":391.4354248046875,"z":-33.92816925048828},"rotation":{"x":7.619509290179849e-8,"y":0.010500061325728894,"z":-5.206964193149588e-9,"w":0.9999464750289917},"size":2014.4761962890625,"orthographic":true}