{"cameraMode":{"drawMode":0,"name":"Shaded","section":"Shading Mode"},"sceneLighting":false,"audioPlay":false,"sceneViewState":{"showFog":true,"showMaterialUpdate":false,"showSkybox":false,"showFlares":true,"showImageEffects":true,"showParticleSystems":true},"in2DMode":false,"pivot":{"x":18.2435245513916,"y":38.95612716674805,"z":260.1153869628906},"rotation":{"x":0.11373580247163773,"y":-0.017882779240608217,"z":0.002045963192358613,"w":0.9933584928512573},"size":2.857891082763672,"orthographic":false}