{"cameraMode":{"drawMode":0,"name":"Shaded","section":"Shading Mode"},"sceneLighting":false,"audioPlay":false,"sceneViewState":{"showFog":true,"showMaterialUpdate":false,"showSkybox":false,"showFlares":true,"showImageEffects":true,"showParticleSystems":true},"in2DMode":false,"pivot":{"x":3.6928937435150148,"y":0.3016603887081146,"z":-2.367924690246582},"rotation":{"x":0.1627470850944519,"y":0.017758643254637719,"z":-0.0029320144094526769,"w":0.9865111112594605},"size":2.4667160511016847,"orthographic":false}