{"cameraMode":{"drawMode":0,"name":"Shaded","section":"Shading Mode"},"sceneLighting":true,"audioPlay":false,"sceneViewState":{"showFog":true,"showMaterialUpdate":false,"showSkybox":true,"showFlares":true,"showImageEffects":true,"showParticleSystems":true},"in2DMode":false,"pivot":{"x":529.62353515625,"y":191.70339965820313,"z":10.890464782714844},"rotation":{"x":-0.00449845427647233,"y":-0.026996750384569169,"z":-0.00012376729864627123,"w":0.9996310472488403},"size":624.3541870117188,"orthographic":true}