{"cameraMode":{"drawMode":0,"name":"Shaded","section":"Shading Mode"},"sceneLighting":false,"audioPlay":false,"sceneViewState":{"showFog":true,"showMaterialUpdate":false,"showSkybox":false,"showFlares":true,"showImageEffects":true,"showParticleSystems":true},"in2DMode":false,"pivot":{"x":18.106340408325197,"y":39.003326416015628,"z":260.7793273925781},"rotation":{"x":0.3783150911331177,"y":-0.143525630235672,"z":0.059500351548194888,"w":0.9125581383705139},"size":2.857891082763672,"orthographic":false}