{"cameraMode":{"drawMode":0,"name":"Shaded","section":"Shading Mode"},"sceneLighting":true,"audioPlay":false,"sceneViewState":{"showFog":true,"showMaterialUpdate":false,"showSkybox":true,"showFlares":true,"showImageEffects":true,"showParticleSystems":true},"in2DMode":false,"pivot":{"x":16.291229248046876,"y":-4.547226905822754,"z":24.154029846191408},"rotation":{"x":-0.1597272753715515,"y":-0.19899536669254304,"z":0.03289195895195007,"w":-0.9663413763046265},"size":47.24323272705078,"orthographic":false}