{"cameraMode":{"drawMode":0,"name":"Shaded","section":"Shading Mode"},"sceneLighting":true,"audioPlay":false,"sceneViewState":{"showFog":true,"showMaterialUpdate":false,"showSkybox":true,"showFlares":true,"showImageEffects":true,"showParticleSystems":true},"in2DMode":false,"pivot":{"x":-3.5756750106811525,"y":5.969978332519531,"z":-6.990026473999023},"rotation":{"x":-0.32433074712753298,"y":-0.006231512874364853,"z":0.0021370549220591785,"w":-0.9459269642829895},"size":13.603570938110352,"orthographic":false}