{"cameraMode":{"drawMode":0,"name":"Shaded","section":"Shading Mode"},"sceneLighting":false,"audioPlay":false,"sceneViewState":{"showFog":true,"showMaterialUpdate":false,"showSkybox":false,"showFlares":true,"showImageEffects":true,"showParticleSystems":true},"in2DMode":false,"pivot":{"x":239.29934692382813,"y":82.98905181884766,"z":-0.54217529296875},"rotation":{"x":-0.0030000389087945225,"y":0.010499306954443455,"z":0.000031371775548905134,"w":0.9999420642852783},"size":380.0982666015625,"orthographic":false}