{"cameraMode":{"drawMode":0,"name":"Shaded","section":"Shading Mode"},"sceneLighting":false,"audioPlay":false,"sceneViewState":{"showFog":true,"showMaterialUpdate":false,"showSkybox":false,"showFlares":true,"showImageEffects":true,"showParticleSystems":true},"in2DMode":false,"pivot":{"x":2.605531692504883,"y":0.5367938280105591,"z":-1.5953311920166016},"rotation":{"x":0.13814276456832887,"y":0.13032852113246919,"z":-0.01834101229906082,"w":0.9816322326660156},"size":5.864223480224609,"orthographic":false}