{"cameraMode":{"drawMode":0,"name":"Shaded","section":"Shading Mode"},"sceneLighting":false,"audioPlay":false,"sceneViewState":{"showFog":true,"showMaterialUpdate":false,"showSkybox":false,"showFlares":true,"showImageEffects":true,"showParticleSystems":true},"in2DMode":false,"pivot":{"x":0.2052621841430664,"y":0.3246408700942993,"z":0.3825267553329468},"rotation":{"x":0.07014936208724976,"y":0.5723901987075806,"z":-0.049237899482250217,"w":0.8154944181442261},"size":3.0130956172943117,"orthographic":false}