{"cameraMode":{"drawMode":0,"name":"Shaded","section":"Shading Mode"},"sceneLighting":false,"audioPlay":false,"sceneViewState":{"showFog":true,"showMaterialUpdate":false,"showSkybox":false,"showFlares":true,"showImageEffects":true,"showParticleSystems":true},"in2DMode":false,"pivot":{"x":19.08251190185547,"y":39.13346862792969,"z":261.5660400390625},"rotation":{"x":0.12995868921279908,"y":0.4237459599971771,"z":-0.06157941743731499,"w":0.8942951560020447},"size":3.3130946159362795,"orthographic":false}