{"cameraMode":{"drawMode":0,"name":"Shaded","section":"Shading Mode"},"sceneLighting":true,"audioPlay":false,"sceneViewState":{"showFog":true,"showMaterialUpdate":false,"showSkybox":true,"showFlares":true,"showImageEffects":true,"showParticleSystems":true},"in2DMode":false,"pivot":{"x":-0.07010012865066529,"y":-0.6975253820419312,"z":0.1078028678894043},"rotation":{"x":0.24775369465351106,"y":0.03196407109498978,"z":-0.008178875781595707,"w":0.9682626724243164},"size":3.169590473175049,"orthographic":false}