{"cameraMode":{"drawMode":0,"name":"Shaded","section":"Shading Mode"},"sceneLighting":true,"audioPlay":false,"sceneViewState":{"showFog":true,"showMaterialUpdate":false,"showSkybox":true,"showFlares":true,"showImageEffects":true,"showParticleSystems":true},"in2DMode":false,"pivot":{"x":246.4990234375,"y":473.0052185058594,"z":-21.7081298828125},"rotation":{"x":0.1437825858592987,"y":-0.019301073625683786,"z":0.0028047035448253156,"w":0.9894203543663025},"size":538.8230590820313,"orthographic":false}