{"cameraMode":{"drawMode":0,"name":"Shaded","section":"Shading Mode"},"sceneLighting":false,"audioPlay":false,"sceneViewState":{"showFog":true,"showMaterialUpdate":false,"showSkybox":false,"showFlares":true,"showImageEffects":true,"showParticleSystems":true},"in2DMode":false,"pivot":{"x":1.150627851486206,"y":1.7616586685180665,"z":1.79496431350708},"rotation":{"x":0.3865605294704437,"y":-0.001383320428431034,"z":0.0005805714754387736,"w":0.9222667813301086},"size":8.143641471862793,"orthographic":false}