{"cameraMode":{"drawMode":0,"name":"Shaded","section":"Shading Mode"},"sceneLighting":false,"audioPlay":false,"sceneViewState":{"showFog":true,"showMaterialUpdate":false,"showSkybox":false,"showFlares":true,"showImageEffects":true,"showParticleSystems":true},"in2DMode":false,"pivot":{"x":0.1317492425441742,"y":-0.16219758987426759,"z":0.30739283561706545},"rotation":{"x":0.36060377955436709,"y":0.019584892317652704,"z":-0.007573847193270922,"w":0.9324841499328613},"size":16.966266632080079,"orthographic":false}