{"cameraMode":{"drawMode":0,"name":"Shaded","section":"Shading Mode"},"sceneLighting":false,"audioPlay":false,"sceneViewState":{"showFog":true,"showMaterialUpdate":false,"showSkybox":false,"showFlares":true,"showImageEffects":true,"showParticleSystems":true},"in2DMode":false,"pivot":{"x":567.6397094726563,"y":264.8109130859375,"z":-9.822509765625},"rotation":{"x":0.004499715752899647,"y":0.005999441724270582,"z":-0.00002712748755584471,"w":0.999973475933075},"size":667.2357788085938,"orthographic":false}