{"cameraMode":{"drawMode":0,"name":"Shaded","section":"Shading Mode"},"sceneLighting":false,"audioPlay":false,"sceneViewState":{"showFog":true,"showMaterialUpdate":false,"showSkybox":false,"showFlares":true,"showImageEffects":true,"showParticleSystems":true},"in2DMode":false,"pivot":{"x":18.706493377685548,"y":39.53061294555664,"z":261.558837890625},"rotation":{"x":0.05118081346154213,"y":0.0643661767244339,"z":-0.003306006081402302,"w":0.9966105818748474},"size":3.3130946159362795,"orthographic":false}